id,account_number
1,5000
2,5000
3,5002
4,5003
5,5004
6,5005
7,5010
8,5010
9,5011
10,5012
11,5020
12,5021
13,5022
14,5030
15,5040
16,5040
17,5041
18,5043
19,5050
20,5055
21,5080
22,5090
23,5090
24,5091
25,5091
26,5099
27,5180
28,5181
29,5182
30,5182
31,5190
32,5200
33,5210
34,5221
35,5230
36,5230
37,5235
38,5250
39,5250
40,5251
41,5255
42,5255
43,5260
44,5260
45,5261
46,5270
47,5270
48,5280
49,5280
50,5281
51,5282
52,5290
53,5295
54,5305
55,5310
56,5315
57,5320
58,5370
59,5381
60,5390
61,5390
62,5391
63,5392
64,5400
65,5401
66,5401
67,5405
68,5410
69,5420
70,5421
71,5422
72,5425
73,5499
74,5510
75,5510
76,5520
77,5700
78,5800
79,5800
80,5801
81,5802
82,5820
83,5821
84,5900
85,5900
86,5901
87,5910
88,5911
89,5915
90,5920
91,5920
92,5921
93,5925
94,5926
95,5928
96,5929
97,5930
98,5940
99,5941
100,5941
101,5942
102,5943
103,5945
104,5945
105,5946
106,5947
107,5980
108,5980
109,5981
110,5982
111,5990
112,5991
113,5991
114,5992
115,5993
116,5994
117,5995
118,5995
119,5996
120,5996
121,5999
122,6000
123,6010
124,6010
125,6011
126,6015
127,6016
128,6017
129,6018
130,6019
131,6020
132,6040
133,6100
134,6110
135,6190
136,6210
137,6250
138,6300
139,6301
140,6302
141,6310
142,6310
143,6311
144,6320
145,6320
146,6340
147,6360
148,6390
149,6400
150,6400
151,6405
152,6410
153,6420
154,6420
155,6430
156,6430
157,6440
158,6440
159,6445
160,6446
161,6450
162,6450
163,6490
164,6505
165,6510
166,6515
167,6516
168,6520
169,6520
170,6530
171,6540
172,6545
173,6550
174,6551
175,6552
176,6553
177,6554
178,6555
179,6559
180,6560
181,6560
182,6570
183,6575
184,6590
185,6600
186,6609
187,6610
188,6611
189,6620
190,6620
191,6621
192,6690
193,6695
194,6700
195,6700
196,6701
197,6702
198,6705
199,6710
200,6720
201,6721
202,6722
203,6723
204,6725
205,6727
206,6730
207,6780
208,6790
209,6791
210,6792
211,6793
212,6800
213,6810
214,6820
215,6840
216,6860
217,6860
218,6861
219,6862
220,6890
221,6890
222,6900
223,6900
224,6903
225,6907
226,6910
227,6940
228,4000
229,4060
230,4080
231,4081
232,4100
233,4120
234,4160
235,4300
236,4310
237,4320
238,4360
239,4380
240,4381
241,4390
242,4460
243,4500
244,4501
245,4505
246,4510
247,4515
248,4733
249,4735
250,4740
251,4900
252,4902
253,4910
254,4950
255,4960
256,4980
257,4981
258,4990
259,4995
260,4998
261,4999
262,7000
263,7001
264,7002
265,7003
266,7020
267,7021
268,7023
269,7024
270,7025
271,7026
272,7030
273,7035
274,7040
275,7053
276,7057
277,7060
278,7080
279,7090
280,7100
281,7110
282,7130
283,7131
284,7140
285,7141
286,7145
287,7150
288,7160
289,7300
290,7320
291,7321
292,7350
293,7360
294,7400
295,7410
296,7420
297,7430
298,7500
299,7520
300,7550
301,7560
302,7600
303,7710
304,7740
305,7760
306,7770
307,7790
308,7791
309,7792
310,7799
311,7800
312,7801
313,7830
314,7839
315,7880
316,7910
317,7980
318,7990
319,7991
320,7992
321,8120
322,8130
323,8150
324,8151
325,8152
326,8155
327,8156
328,8159
329,8160
330,8170
331,8177
332,8179
